2;ABATAN;Evan;Evan.ABATAN@protomail.com;03/01/1970;login1;mdp2
3;AIT MANSOUR;Inas;Inas.AIT MANSOUR@protomail.com;04/01/1970;login2;mdp3
4;BECKER;Maxime;Maxime.BECKER@protomail.com;05/01/1970;login3;mdp4
5;BERANGER;Aurélien;Aurélien.BERANGER@protomail.com;06/01/1970;login4;mdp5
6;BLIN;Florent;Florent.BLIN@protomail.com;07/01/1970;login5;mdp6
7;CESARI;Jeffrey;Jeffrey.CESARI@protomail.com;08/01/1970;login6;mdp7
8;CHARLES;Dimitry;Dimitry.CHARLES@protomail.com;09/01/1970;login7;mdp8
9;CHARTIER;Pierre;Pierre.CHARTIER@protomail.com;10/01/1970;login8;mdp9
10;CHRISTON;Vincent;Vincent.CHRISTON@protomail.com;11/01/1970;login9;mdp10
11;CONTE-LAY;Corentin;Corentin.CONTE-LAY@protomail.com;12/01/1970;login10;mdp11
